made,english,Powerful,none,
made,english,Energetic,none,
made,english,Healthy,none,
made,english,Unity,none,
made,english,Peacefully,none,
made,english,Emotionally,none,
made,english,Happily,none,
made,english,Usefully,none,
collaborations,english,People,none,
collaborations,english,Exercise,none,
collaborations,english,Home,none,
collaborations,english,Universe,none,
collaborations,english,Pensive,none,
collaborations,english,Everything,none,
collaborations,english,Heartful,none,
collaborations,english,Usage,none,
free,english,Practical,none,
free,englishe,Ease,none,
free,english,Happen,none,
free,english,Urbanity,none,
gift,english,Possible,none,
gift,english,Elementary,none,
gift,english,Honestly,none,
gift,english,Us,none,
collaborations,english,Poetic,none,
collaborations,english,Earth,none,
collaborations,english,Holiness,none,
collaborations,english,Understand,none,
collaborations,español,Pasible,none,
collaborations,español,Elástica,none,
collaborations,español,Heroico,none,
collaborations,español,Ufano,none,
collaborations,español,Prender,none,
collaborations,español,Elusivo,none,
collaborations,español,Hacerlo,none,
collaborations,español,Una,none,
collaborations,dansk,Porre,none,
collaborations,dansk,Elskede,none,
collaborations,dansk,Have,none,
collaborations,dansk,Underjordisk,none,
collaborations,english,Possibly,none,
collaborations,english,Emergent,none,
collaborations,english,Hydro,none,
collaborations,english,Unfold,none,
collaborations,french,Petit,none,
collaborations,english,Egg,none,
collaborations,english,Holding,none,
collaborations,english,Utopia,none,
free,url,vg.pe.hu,link,http://vg.pe.hu/
bought,url,newlifecollection.com,link,https://newlifecollection.com/
bought,url,creative-community.space,link,https://creative-community.space/
