10.10.2021,"トップページの仕様をバージョンアップしました",/,new,none
10.10 - 31.2021,"展覧会「新しい生活を集める」",/sp/,new,none
10.7.2021,"自分の気持ちを知る・表す",/sign/,upgrade,none
10.1.2021,"令和三年九月の色と記号",/members/sign/,update,inline
9.27.2021,"Everyones Drawings are Seems So Beautiful",#,new,none
9.27.2021,"検索機能付き匿名掲示板",/members/org/,upgrade,inline
??.??.????,"Essay | Download | InspiredBy",#,tba,none
??.??.????,"大切にすることを大切にする場所",#,tba,none
??.??.????,"What do you value?",#,tba,none
??.??.????,"Essay | Download | InspiredBy",#,tba,none
??.??.????,"出版物 | Publications",#,tba,inline
??.??.????,"できること｜機材・ツール一覧",/org/,tba,none
??.??.????,"FREE TIME",#,tba,inline
??.??.????,"Indipendent Space Map",#,tba,inline
??.??.????,"Fancy and Relaxin'",#,tba,inline
??.??.????,"Go Out",#,tba,none
9.27.2021,"We are Open creative-community.space",/,new,none
